iteration,epoch,train_loss,val_psnr,val_ssim,timestamp
200,1,0.1181744784116745,,,2025-10-15T21:27:22.132816
400,1,0.10885222256183624,,,2025-10-15T21:29:24.931451
600,1,0.10993774980306625,,,2025-10-15T21:31:27.789083
800,2,0.07660257816314697,,,2025-10-15T21:33:30.813876
1000,2,0.07595951110124588,,,2025-10-15T21:35:33.681641
1200,2,0.07522566616535187,,,2025-10-15T21:37:36.546691
1400,2,0.06207548826932907,,,2025-10-15T21:39:39.405049
1600,3,0.06774558871984482,,,2025-10-15T21:41:42.342128
1800,3,0.1258518397808075,,,2025-10-15T21:43:45.255459
2000,3,0.06254220008850098,,,2025-10-15T21:45:48.013011
2200,4,0.6803407669067383,,,2025-10-15T21:47:53.339326
2400,4,0.07078975439071655,,,2025-10-15T21:49:56.010294
2600,4,0.07722488790750504,,,2025-10-15T21:51:58.703756
2800,4,0.06672470271587372,,,2025-10-15T21:54:01.550193
3000,5,0.06423120200634003,,,2025-10-15T21:56:04.557387
3200,5,0.045535795390605927,,,2025-10-15T21:58:07.361786
3400,5,0.10433828830718994,,,2025-10-15T22:00:10.240884
3600,6,0.06518968939781189,,,2025-10-15T22:02:13.271011
3800,6,0.10571648180484772,,,2025-10-15T22:04:16.121001
4000,6,0.03728337213397026,,,2025-10-15T22:06:18.942910
4200,6,0.1252872794866562,,,2025-10-15T22:08:23.727049
4400,7,0.04796646162867546,,,2025-10-15T22:10:26.799305
4600,7,0.04215123504400253,,,2025-10-15T22:12:29.682617
4800,7,0.03709182143211365,,,2025-10-15T22:14:32.363881
5000,8,0.03634100407361984,10.13523022234377,0.26182609946985175,2025-10-15T22:16:35.337459
5200,8,0.04076483100652695,,,2025-10-15T22:18:43.531859
5400,8,0.16289596259593964,,,2025-10-15T22:20:46.213016
5600,8,0.034224241971969604,,,2025-10-15T22:22:48.927877
5800,9,0.20383429527282715,,,2025-10-15T22:24:51.998695
6000,9,0.029584309086203575,,,2025-10-15T22:26:54.792700
6200,9,0.025156978517770767,,,2025-10-15T22:28:59.716135
6400,9,0.6781138181686401,,,2025-10-15T22:31:02.401682
6600,10,0.031902432441711426,,,2025-10-15T22:33:05.600144
6800,10,0.05169820040464401,,,2025-10-15T22:35:08.403730
7000,10,0.21790575981140137,,,2025-10-15T22:37:10.981763
7200,11,0.03693433105945587,,,2025-10-15T22:39:13.842316
7400,11,0.02979014813899994,,,2025-10-15T22:41:16.450764
7600,11,0.030319467186927795,,,2025-10-15T22:43:19.136302
7800,11,0.029271116480231285,,,2025-10-15T22:45:21.857010
8000,12,0.03444080054759979,,,2025-10-15T22:47:25.001231
8200,12,0.08227106928825378,,,2025-10-15T22:49:30.372534
8400,12,0.025751715525984764,,,2025-10-15T22:51:33.090071
8600,13,0.029803313314914703,,,2025-10-15T22:53:36.177186
8800,13,0.09795107692480087,,,2025-10-15T22:55:38.986921
9000,13,0.02995327115058899,,,2025-10-15T22:57:41.639185
9200,13,0.06573958694934845,,,2025-10-15T22:59:44.328513
9400,14,0.027401473373174667,,,2025-10-15T23:01:47.406230
9600,14,0.0305053498595953,,,2025-10-15T23:03:50.108895
9800,14,0.027411622926592827,,,2025-10-15T23:05:52.777337
10000,15,0.020480304956436157,12.718375812899687,0.6407157705887548,2025-10-15T23:07:55.735299
10200,15,0.02685960754752159,,,2025-10-15T23:10:05.896828
10400,15,0.023692693561315536,,,2025-10-15T23:12:08.677695
10600,15,0.10262035578489304,,,2025-10-15T23:14:11.271890
10800,16,0.05075884610414505,,,2025-10-15T23:16:14.273325
11000,16,0.02975679561495781,,,2025-10-15T23:18:17.033136
11200,16,0.09382055699825287,,,2025-10-15T23:20:19.766638
11400,17,0.14610835909843445,,,2025-10-15T23:22:22.670162
11600,17,0.07816262543201447,,,2025-10-15T23:24:25.414665
11800,17,0.03216298297047615,,,2025-10-15T23:26:28.100645
12000,17,0.08884932100772858,,,2025-10-15T23:28:30.756087
12200,18,0.02328987419605255,,,2025-10-15T23:30:39.632371
12400,18,0.5991201996803284,,,2025-10-15T23:32:42.237618
12600,18,0.053604789078235626,,,2025-10-15T23:34:44.920915
12800,18,0.03512273728847504,,,2025-10-15T23:36:47.570938
13000,19,0.0650075152516365,,,2025-10-15T23:38:50.649030
13200,19,0.024942688643932343,,,2025-10-15T23:40:53.428092
13400,19,0.022856440395116806,,,2025-10-15T23:42:56.129726
13600,20,0.04371436685323715,,,2025-10-15T23:44:59.221396
13800,20,0.020491784438490868,,,2025-10-15T23:47:02.128098
14000,20,0.06015460938215256,,,2025-10-15T23:49:04.873125
14200,20,0.026224609464406967,,,2025-10-15T23:51:10.460612
14400,21,0.02613026462495327,,,2025-10-15T23:53:13.210051
14600,21,0.02066262625157833,,,2025-10-15T23:55:15.934661
14800,21,0.018107250332832336,,,2025-10-15T23:57:18.508393
15000,22,0.015016044490039349,12.427904811962925,0.6146637646210072,2025-10-15T23:59:21.418591
15200,22,0.09455637633800507,,,2025-10-16T00:01:29.377153
15400,22,0.11687415093183517,,,2025-10-16T00:03:31.973153
15600,22,0.04692580923438072,,,2025-10-16T00:05:34.645120
15800,23,0.11820428818464279,,,2025-10-16T00:07:37.541110
16000,23,0.02694406732916832,,,2025-10-16T00:09:40.112770
16200,23,0.22036027908325195,,,2025-10-16T00:11:45.292460
16400,24,0.018119998276233673,,,2025-10-16T00:13:48.093280
16600,24,0.015707340091466904,,,2025-10-16T00:15:50.633995
16800,24,0.04393991827964783,,,2025-10-16T00:17:53.088926
17000,24,0.0656944140791893,,,2025-10-16T00:19:55.774383
17200,25,0.054253607988357544,,,2025-10-16T00:21:58.929799
17400,25,0.058653466403484344,,,2025-10-16T00:24:01.710639
17600,25,0.048570841550827026,,,2025-10-16T00:26:04.248204
17800,25,0.15381965041160583,,,2025-10-16T00:28:06.861582
18000,26,0.02033991366624832,,,2025-10-16T00:30:09.884013
18200,26,0.021187659353017807,,,2025-10-16T00:32:14.817100
18400,26,0.1756952852010727,,,2025-10-16T00:34:17.570171
18600,27,0.02312927320599556,,,2025-10-16T00:36:20.405280
18800,27,0.029652167111635208,,,2025-10-16T00:38:23.081673
19000,27,0.22111889719963074,,,2025-10-16T00:40:25.755952
19200,27,0.03173738345503807,,,2025-10-16T00:42:28.314943
19400,28,0.03141091763973236,,,2025-10-16T00:44:31.412404
19600,28,0.05669969320297241,,,2025-10-16T00:46:34.034135
19800,28,0.02311035804450512,,,2025-10-16T00:48:36.640614
20000,29,0.027501631528139114,11.12166094551141,0.5737545129739532,2025-10-16T00:50:39.512816
20200,29,0.016506707295775414,,,2025-10-16T00:52:49.335689
20400,29,0.03307332843542099,,,2025-10-16T00:54:52.016803
20600,29,0.04390200972557068,,,2025-10-16T00:56:54.535864
20800,30,0.03927326202392578,,,2025-10-16T00:58:57.349496
21000,30,0.021937746554613113,,,2025-10-16T01:01:00.015049
21200,30,0.20913740992546082,,,2025-10-16T01:03:02.825108
21400,31,0.11014018952846527,,,2025-10-16T01:05:05.726257
21600,31,0.016316501423716545,,,2025-10-16T01:07:08.280907
21800,31,0.08763229846954346,,,2025-10-16T01:09:10.936076
22000,31,0.10084585845470428,,,2025-10-16T01:11:13.586256
22200,32,0.08533426374197006,,,2025-10-16T01:13:18.937064
22400,32,0.01632007025182247,,,2025-10-16T01:15:21.506624
22600,32,0.023515712469816208,,,2025-10-16T01:17:24.275397
22800,33,0.035198599100112915,,,2025-10-16T01:19:27.410452
23000,33,0.4068085551261902,,,2025-10-16T01:21:30.243893
23200,33,0.05211489647626877,,,2025-10-16T01:23:32.975941
23400,33,0.019874924793839455,,,2025-10-16T01:25:35.819121
23600,34,0.014610439538955688,,,2025-10-16T01:27:39.015874
23800,34,0.11947609484195709,,,2025-10-16T01:29:41.818589
24000,34,0.06592270731925964,,,2025-10-16T01:31:44.578494
24200,34,0.10898851603269577,,,2025-10-16T01:33:55.327929
24400,35,0.07712636888027191,,,2025-10-16T01:35:58.279921
24600,35,0.046751003712415695,,,2025-10-16T01:38:00.691736
24800,35,0.01783454790711403,,,2025-10-16T01:40:03.139976
25000,36,0.10631408542394638,11.361010756800043,0.6418059676970372,2025-10-16T01:42:06.177375
25200,36,0.046059396117925644,,,2025-10-16T01:44:13.743013
25400,36,0.02973262593150139,,,2025-10-16T01:46:16.116671
25600,36,0.019384171813726425,,,2025-10-16T01:48:18.551943
25800,37,0.06175310164690018,,,2025-10-16T01:50:21.301012
26000,37,0.019616328179836273,,,2025-10-16T01:52:23.793739
26200,37,0.04639893397688866,,,2025-10-16T01:54:28.784687
26400,38,0.07373226433992386,,,2025-10-16T01:56:31.824665
26600,38,0.013816110789775848,,,2025-10-16T01:58:34.255163
26800,38,0.060199253261089325,,,2025-10-16T02:00:36.861614
27000,38,0.025124888867139816,,,2025-10-16T02:02:39.272716
27200,39,0.01435669045895338,,,2025-10-16T02:04:42.042097
27400,39,0.030202876776456833,,,2025-10-16T02:06:44.599143
27600,39,0.018638882786035538,,,2025-10-16T02:08:47.102205
27800,40,0.04810674488544464,,,2025-10-16T02:10:49.957115
28000,40,0.024567648768424988,,,2025-10-16T02:12:52.345278
28200,40,0.02456960640847683,,,2025-10-16T02:14:57.135822
28400,40,0.05197539180517197,,,2025-10-16T02:16:59.674277
28600,41,0.014261370524764061,,,2025-10-16T02:19:02.603204
28800,41,0.14607146382331848,,,2025-10-16T02:21:05.166263
29000,41,0.03952866047620773,,,2025-10-16T02:23:07.675649
29200,42,0.020133648067712784,,,2025-10-16T02:25:10.426974
29400,42,0.014890733174979687,,,2025-10-16T02:27:12.835689
29600,42,0.07123347371816635,,,2025-10-16T02:29:15.448529
28200,41,0.18311643600463867,,,2025-10-16T16:40:12.303658
28400,41,0.046332668513059616,,,2025-10-16T16:42:16.777792
28600,41,0.014946890994906425,,,2025-10-16T16:44:20.181431
28800,42,0.013949908316135406,,,2025-10-16T16:46:23.481849
29000,42,0.03315854072570801,,,2025-10-16T16:48:26.753650
29200,42,0.018751274794340134,,,2025-10-16T16:50:30.172609
29400,42,0.013764320872724056,,,2025-10-16T16:52:33.314381
29600,43,0.09796633571386337,,,2025-10-16T16:54:36.887786
29800,43,0.01503050234168768,,,2025-10-16T16:56:40.208613
30000,43,0.2017175555229187,15.894327032753916,0.7620996810939227,2025-10-16T16:58:43.321611
30200,44,0.01418294757604599,,,2025-10-16T17:00:58.037420
30400,44,0.01187392883002758,,,2025-10-16T17:03:01.109901
30600,44,0.04755213484168053,,,2025-10-16T17:05:04.397596
30800,44,0.018968626856803894,,,2025-10-16T17:07:07.570840
31000,45,0.05836745351552963,,,2025-10-16T17:09:11.050671
31200,45,0.1281481683254242,,,2025-10-16T17:11:14.386621
31400,45,0.015361791476607323,,,2025-10-16T17:13:17.778929
31600,46,0.01418151892721653,,,2025-10-16T17:15:21.689270
31800,46,0.15312115848064423,,,2025-10-16T17:17:25.046334
32000,46,0.06657743453979492,,,2025-10-16T17:19:28.354942
32200,46,0.09203105419874191,,,2025-10-16T17:21:41.667184
32400,47,0.025864025577902794,,,2025-10-16T17:23:45.221299
32600,47,0.015338219702243805,,,2025-10-16T17:25:48.603785
32800,47,0.06039879843592644,,,2025-10-16T17:27:51.956179
33000,48,0.013470510020852089,,,2025-10-16T17:29:55.478769
33200,48,0.10508917272090912,,,2025-10-16T17:31:59.017004
33400,48,0.0129485372453928,,,2025-10-16T17:34:02.412183
33600,48,0.015312591567635536,,,2025-10-16T17:36:05.701259
33800,49,0.015915999189019203,,,2025-10-16T17:38:09.533163
34000,49,0.021980535238981247,,,2025-10-16T17:40:12.828718
34200,49,0.013379017822444439,,,2025-10-16T17:42:23.413989
34400,49,0.017426446080207825,,,2025-10-16T17:44:26.659059
34600,50,0.04375913739204407,,,2025-10-16T17:46:30.591995
34800,50,0.014433207921683788,,,2025-10-16T17:48:33.885598
35000,50,0.022415494546294212,16.06113028573462,0.7731944755330008,2025-10-16T17:50:37.332167
35200,51,0.027248231694102287,,,2025-10-16T17:52:46.390319
35400,51,0.17051856219768524,,,2025-10-16T17:54:49.691818
35600,51,0.01991182006895542,,,2025-10-16T17:56:53.024373
35800,51,0.043646104633808136,,,2025-10-16T17:58:56.456150
36000,52,0.01551315188407898,,,2025-10-16T18:01:00.389546
36200,52,0.009985560551285744,,,2025-10-16T18:03:06.737176
36400,52,0.017826152965426445,,,2025-10-16T18:05:10.105899
36600,53,0.015799537301063538,,,2025-10-16T18:07:13.899594
36800,53,0.015537584200501442,,,2025-10-16T18:09:17.377409
37000,53,0.039252959191799164,,,2025-10-16T18:11:20.655379
37200,53,0.012769600376486778,,,2025-10-16T18:13:24.018058
37400,54,0.030978625640273094,,,2025-10-16T18:15:27.889707
37600,54,0.02651875838637352,,,2025-10-16T18:17:31.139276
37800,54,0.04065735265612602,,,2025-10-16T18:19:34.561772
38000,55,0.014875671826303005,,,2025-10-16T18:21:38.404641
38200,55,0.015293936245143414,,,2025-10-16T18:23:47.843847
38400,55,0.017503958195447922,,,2025-10-16T18:25:51.133860
38600,55,0.01723925955593586,,,2025-10-16T18:27:54.399038
38800,56,0.1136564239859581,,,2025-10-16T18:29:58.227942
39000,56,0.04021922126412392,,,2025-10-16T18:32:01.589410
39200,56,0.029975932091474533,,,2025-10-16T18:34:05.053646
39400,57,0.0109380092471838,,,2025-10-16T18:36:08.727590
39600,57,0.2988396883010864,,,2025-10-16T18:38:12.038284
39800,57,0.08862315118312836,,,2025-10-16T18:40:15.352555
40000,57,0.02022983692586422,11.842788336297083,0.5415762074229123,2025-10-16T18:42:18.765157
40200,58,0.009945426136255264,,,2025-10-18T19:29:12.653470
40400,58,0.023727476596832275,,,2025-10-18T19:31:17.079697
40600,58,0.04418709874153137,,,2025-10-18T19:33:18.961029
40800,59,0.0848178118467331,,,2025-10-18T19:35:21.914559
41000,59,0.04825601726770401,,,2025-10-18T19:37:24.722536
41200,59,0.01964455470442772,,,2025-10-18T19:39:26.863164
41400,59,0.011795498430728912,,,2025-10-18T19:41:28.826190
41600,60,0.05256403237581253,,,2025-10-18T19:43:31.117566
41800,60,0.1606060266494751,,,2025-10-18T19:45:33.145158
42000,60,0.04017733037471771,,,2025-10-18T19:47:35.177213
42200,61,0.014217555522918701,,,2025-10-18T19:49:39.631216
42400,61,0.028889786452054977,,,2025-10-18T19:51:41.596989
42600,61,0.012359283864498138,,,2025-10-18T19:53:43.593505
42800,61,0.7407792806625366,,,2025-10-18T19:55:45.590888
43000,62,0.01149439811706543,,,2025-10-18T19:57:47.926921
43200,62,0.07835565507411957,,,2025-10-18T19:59:49.886977
43400,62,0.014551132917404175,,,2025-10-18T20:01:53.072678
43600,63,0.015167323872447014,,,2025-10-18T20:03:56.112401
43800,63,0.020044947043061256,,,2025-10-18T20:05:59.410865
44000,63,0.01148234959691763,,,2025-10-18T20:09:20.933373
44200,63,0.04278187081217766,,,2025-10-18T20:13:44.458653
44400,64,0.011746518313884735,,,2025-10-18T20:18:02.960256
44600,64,0.16904377937316895,,,2025-10-18T20:22:20.703780
44800,64,0.026538800448179245,,,2025-10-18T20:26:39.320039
45000,65,0.014128225855529308,12.82628848711695,0.6478810704907484,2025-10-18T20:30:58.505249
45200,65,0.013077013194561005,,,2025-10-18T20:35:26.838157
45400,65,0.01796097308397293,,,2025-10-18T20:39:44.448440
45600,65,0.01325547881424427,,,2025-10-18T20:44:02.867724
45800,66,0.013997215777635574,,,2025-10-18T20:48:21.848400
46000,66,0.023111408576369286,,,2025-10-18T20:52:32.998016
46200,66,0.013620367273688316,,,2025-10-18T20:56:56.925530
46400,66,0.014023426920175552,,,2025-10-18T21:01:15.468596
46600,67,0.01208234578371048,,,2025-10-18T21:05:34.502169
46800,67,0.08590179681777954,,,2025-10-18T21:09:52.472128
47000,67,0.02411796897649765,,,2025-10-18T21:14:08.737817
47200,68,0.028250139206647873,,,2025-10-18T21:18:27.672027
47400,68,0.026478122919797897,,,2025-10-18T21:22:45.380771
47600,68,0.0162212997674942,,,2025-10-18T21:27:03.405543
47800,68,0.00904062483459711,,,2025-10-18T21:31:21.333414
48000,69,0.014187779277563095,,,2025-10-18T21:35:35.292469
48200,69,0.056284498423337936,,,2025-10-18T21:39:59.483646
48400,69,0.020284615457057953,,,2025-10-18T21:44:17.435912
48600,70,0.02489694580435753,,,2025-10-18T21:48:36.369516
48800,70,0.0166595708578825,,,2025-10-18T21:52:54.761099
49000,70,0.050360605120658875,,,2025-10-18T21:57:12.384067
49200,70,0.21657702326774597,,,2025-10-18T22:01:30.438233
49400,71,0.015219239518046379,,,2025-10-18T22:05:48.988500
49600,71,0.01692957431077957,,,2025-10-18T22:10:06.341464
49800,71,0.04993237555027008,,,2025-10-18T22:14:24.447010
50000,72,0.018418123945593834,12.28223457958523,0.582007366075878,2025-10-18T22:18:35.375860
50200,72,0.10060012340545654,,,2025-10-18T22:23:07.150482
50400,72,0.01738639920949936,,,2025-10-18T22:27:24.193277
50600,72,0.016282618045806885,,,2025-10-18T22:31:42.095437
50800,73,0.021303508430719376,,,2025-10-18T22:36:00.617052
51000,73,0.016131773591041565,,,2025-10-18T22:40:17.997469
51200,73,0.030728310346603394,,,2025-10-18T22:44:36.482378
51400,74,0.008326783776283264,,,2025-10-18T22:48:55.588694
51600,74,0.014385806396603584,,,2025-10-18T22:53:14.348929
51800,74,0.018690800294280052,,,2025-10-18T22:57:32.764355
52000,74,0.010813846252858639,,,2025-10-18T23:01:41.435037
52200,75,0.055080048739910126,,,2025-10-18T23:06:06.748340
52400,75,0.010751972906291485,,,2025-10-18T23:10:24.669807
52200,75,0.01880306750535965,,,2025-10-19T08:06:25.661857
52400,75,0.4696018099784851,,,2025-10-19T08:08:26.020866
52600,75,0.013159649446606636,,,2025-10-19T08:10:26.596612
52800,76,0.08991619944572449,,,2025-10-19T08:12:27.642084
53000,76,0.06616203486919403,,,2025-10-19T08:14:28.717218
53200,76,0.052331238985061646,,,2025-10-19T08:16:29.640869
53400,76,0.009943105280399323,,,2025-10-19T08:18:30.659707
53600,77,0.021146848797798157,,,2025-10-19T08:20:31.896711
53800,77,0.019670654088258743,,,2025-10-19T08:22:32.877902
54000,77,0.01241997815668583,,,2025-10-19T08:24:33.931986
54200,78,0.00931679829955101,,,2025-10-19T08:26:37.257067
54400,78,0.06250442564487457,,,2025-10-19T08:28:38.307695
54600,78,0.015798967331647873,,,2025-10-19T08:30:39.339320
54800,78,0.041198037564754486,,,2025-10-19T08:32:40.412297
55000,79,0.1648927628993988,15.16271971217972,0.678199873637484,2025-10-19T08:34:41.831379
55200,79,0.012148099020123482,,,2025-10-19T08:36:48.176349
55400,79,0.021263007074594498,,,2025-10-19T08:38:49.189436
55600,80,0.04184591770172119,,,2025-10-19T08:40:50.717521
55800,80,0.013036365620791912,,,2025-10-19T08:42:51.876586
56000,80,0.04062863066792488,,,2025-10-19T08:44:53.128662
56200,80,0.012043031863868237,,,2025-10-19T08:46:56.298060
56400,81,0.012966278940439224,,,2025-10-19T08:48:57.771598
56600,81,0.016506711021065712,,,2025-10-19T08:50:58.974084
56800,81,0.01414092630147934,,,2025-10-19T08:53:00.145747
57000,82,0.008885112591087818,,,2025-10-19T08:55:01.602877
57200,82,0.03231506049633026,,,2025-10-19T08:57:02.747086
57400,82,0.033270057290792465,,,2025-10-19T08:59:04.008213
57600,82,0.05015008896589279,,,2025-10-19T09:01:05.365277
57800,83,0.021830573678016663,,,2025-10-19T09:03:06.747065
58000,83,0.012006118893623352,,,2025-10-19T09:05:07.936973
58200,83,0.008664634078741074,,,2025-10-19T09:07:11.009839
58400,83,0.01469612866640091,,,2025-10-19T09:09:11.997494
58600,84,0.029468383640050888,,,2025-10-19T09:11:13.438039
58800,84,0.0185954999178648,,,2025-10-19T09:13:14.584681
59000,84,0.05872529000043869,,,2025-10-19T09:15:15.660969
59200,85,0.009940830990672112,,,2025-10-19T09:17:17.094918
59400,85,0.009855025447905064,,,2025-10-19T09:19:18.317632
59600,85,0.022977976128458977,,,2025-10-19T09:21:19.609106
59800,85,0.01380150392651558,,,2025-10-19T09:23:20.788647
60000,86,0.010935597121715546,16.032207718205203,0.7174646307516497,2025-10-19T09:25:22.374750
60200,86,0.06974183022975922,,,2025-10-19T09:27:30.610794
60400,86,0.10257254540920258,,,2025-10-19T09:29:31.632071
60600,87,0.012714403681457043,,,2025-10-19T09:31:33.178756
60800,87,0.08317529410123825,,,2025-10-19T09:33:34.195067
61000,87,0.02854195609688759,,,2025-10-19T09:35:35.223575
61200,87,0.028723513707518578,,,2025-10-19T09:37:36.259593
61400,88,0.011782297864556313,,,2025-10-19T09:39:37.660704
61600,88,0.08085989952087402,,,2025-10-19T09:41:38.753456
61800,88,0.01495232805609703,,,2025-10-19T09:43:39.848049
62000,89,0.0937858447432518,,,2025-10-19T09:45:41.299775
62200,89,0.028049945831298828,,,2025-10-19T09:47:44.481059
62400,89,0.008597999811172485,,,2025-10-19T09:49:45.731646
62600,89,0.014682142063975334,,,2025-10-19T09:51:47.080193
62800,90,0.02615460380911827,,,2025-10-19T09:53:48.613971
63000,90,0.01224695798009634,,,2025-10-19T09:55:49.908240
63200,90,0.04295627027750015,,,2025-10-19T09:57:51.201676
63400,91,0.02365318313241005,,,2025-10-19T09:59:52.648257
63600,91,0.02968215011060238,,,2025-10-19T10:01:53.968961
63800,91,0.014528550207614899,,,2025-10-19T10:03:55.238126
64000,91,0.023747017607092857,,,2025-10-19T10:05:56.560002
64200,92,0.04167763888835907,,,2025-10-19T10:08:00.972445
64400,92,0.0939921960234642,,,2025-10-19T10:10:02.889818
64600,92,0.023035641759634018,,,2025-10-19T10:12:04.818013
64800,92,0.014364379458129406,,,2025-10-19T10:14:06.578431
65000,93,0.010690120980143547,17.180340635714796,0.7683368932490297,2025-10-19T10:16:08.585181
65200,93,0.013707942329347134,,,2025-10-19T10:18:15.881468
65400,93,0.042326029390096664,,,2025-10-19T10:20:17.686404
65600,94,0.02110147848725319,,,2025-10-19T10:22:19.669386
65800,94,0.026391800493001938,,,2025-10-19T10:24:21.535553
66000,94,0.01154140755534172,,,2025-10-19T10:26:23.349038
66200,94,0.010924011468887329,,,2025-10-19T10:28:27.102626
66400,95,0.0371195450425148,,,2025-10-19T10:30:29.154438
66600,95,0.03253863751888275,,,2025-10-19T10:32:30.950888
66800,95,0.015039082616567612,,,2025-10-19T10:34:32.672641
67000,96,0.060340069234371185,,,2025-10-19T10:36:34.876210
67200,96,0.0308237187564373,,,2025-10-19T10:38:36.509331
67400,96,0.011046158149838448,,,2025-10-19T10:40:38.297124
67600,96,0.012289012782275677,,,2025-10-19T10:42:39.988721
67800,97,0.008527804166078568,,,2025-10-19T10:44:41.871664
68000,97,0.013379613868892193,,,2025-10-19T10:46:43.521330
68200,97,0.027049731463193893,,,2025-10-19T10:48:47.511337
68400,98,0.0391010046005249,,,2025-10-19T10:50:49.579476
68600,98,0.04305461049079895,,,2025-10-19T10:52:51.316668
68800,98,0.14369076490402222,,,2025-10-19T10:54:52.923018
69000,98,0.07651382684707642,,,2025-10-19T10:56:54.671694
69200,99,0.01292407512664795,,,2025-10-19T10:58:56.857148
69400,99,0.021549178287386894,,,2025-10-19T11:00:58.689059
69600,99,0.021104900166392326,,,2025-10-19T11:03:00.442874
69800,99,0.010615701787173748,,,2025-10-19T11:05:02.043082
70000,100,0.03159759193658829,18.26387294643519,0.823542100646384,2025-10-19T11:07:03.898719
70200,100,0.03817075118422508,,,2025-10-19T11:09:13.012554
70400,100,0.016001513227820396,,,2025-10-19T11:11:14.514654
70600,101,0.022124921903014183,,,2025-10-19T11:13:16.465984
70800,101,0.16034282743930817,,,2025-10-19T11:15:18.213550
71000,101,0.030505573377013206,,,2025-10-19T11:17:19.958432
71200,101,0.01916004717350006,,,2025-10-19T11:19:21.863145
71400,102,0.011974724940955639,,,2025-10-19T11:21:23.863250
71600,102,0.013942943885922432,,,2025-10-19T11:23:25.621168
71800,102,0.01188233494758606,,,2025-10-19T11:25:27.508511
72000,103,0.010232075117528439,,,2025-10-19T11:27:29.548677
72200,103,0.021154962480068207,,,2025-10-19T11:29:37.660111
72400,103,0.03942474350333214,,,2025-10-19T11:31:39.372486
72600,103,0.015181109309196472,,,2025-10-19T11:33:41.063719
72800,104,0.05726863071322441,,,2025-10-19T11:35:43.171247
73000,104,0.026485353708267212,,,2025-10-19T11:37:44.857248
73200,104,0.02568257413804531,,,2025-10-19T11:39:46.568399
73400,105,0.028415758162736893,,,2025-10-19T11:41:48.578885
73600,105,0.010629257187247276,,,2025-10-19T11:43:50.214251
73800,105,0.027540285140275955,,,2025-10-19T11:45:51.860017
74000,105,0.010757873766124249,,,2025-10-19T11:47:53.532921
74200,106,0.0674242153763771,,,2025-10-19T11:49:58.087693
74400,106,0.05536433309316635,,,2025-10-19T11:51:59.919410
74600,106,0.009389977902173996,,,2025-10-19T11:54:01.636194
74800,107,0.05348656326532364,,,2025-10-19T11:56:03.767852
75000,107,0.011251750402152538,15.89164094975159,0.7295662633295112,2025-10-19T11:58:05.532892
75200,107,0.008562448434531689,,,2025-10-19T12:00:12.481589
75400,107,0.024003922939300537,,,2025-10-19T12:02:14.193511
75600,108,0.010415560565888882,,,2025-10-19T12:04:16.131093
75800,108,0.008458167314529419,,,2025-10-19T12:06:17.988877
76000,108,0.036824703216552734,,,2025-10-19T12:08:19.663873
76200,108,0.008985450491309166,,,2025-10-19T12:10:23.381012
76400,109,0.057308416813611984,,,2025-10-19T12:12:25.482221
76600,109,0.010355128906667233,,,2025-10-19T12:14:27.175434
76800,109,0.22305336594581604,,,2025-10-19T12:16:28.858725
77000,110,0.011733602732419968,,,2025-10-19T12:18:31.020412
77200,110,0.02989618480205536,,,2025-10-19T12:20:32.781850
77400,110,0.012340083718299866,,,2025-10-19T12:22:34.423381
77600,110,0.02478202059864998,,,2025-10-19T12:24:36.142510
77800,111,0.15869495272636414,,,2025-10-19T12:26:38.201568
78000,111,0.019207654520869255,,,2025-10-19T12:28:39.913457
78200,111,0.02329982817173004,,,2025-10-19T12:30:44.078658
78400,112,0.010386421345174313,,,2025-10-19T12:32:46.243454
78600,112,0.01463528722524643,,,2025-10-19T12:34:48.015313
78800,112,0.025968044996261597,,,2025-10-19T12:36:49.860314
79000,112,0.06673789769411087,,,2025-10-19T12:38:51.647060
79200,113,0.016130715608596802,,,2025-10-19T12:40:53.598068
79400,113,0.01390072237700224,,,2025-10-19T12:42:55.359139
79600,113,0.021558698266744614,,,2025-10-19T12:44:57.048303
79800,114,0.008095335215330124,,,2025-10-19T12:46:59.079253
80000,114,0.010914365760982037,13.88282101703813,0.734798561796826,2025-10-19T12:49:00.428631
80200,114,0.10720354318618774,,,2025-10-19T12:51:08.361123
80400,114,0.012133104726672173,,,2025-10-19T12:53:09.294984
80600,115,0.008376511745154858,,,2025-10-19T12:55:10.691845
80800,115,0.036133572459220886,,,2025-10-19T12:57:12.098605
81000,115,0.16768410801887512,,,2025-10-19T12:59:13.796609
81200,116,0.01523183286190033,,,2025-10-19T13:01:15.926239
81400,116,0.13747380673885345,,,2025-10-19T13:03:17.689051
81600,116,0.03788527101278305,,,2025-10-19T13:05:19.291277
80200,115,0.010673686861991882,,,2025-10-19T13:31:34.162928
80400,115,0.034436434507369995,,,2025-10-19T13:33:41.351290
80600,115,0.12578058242797852,,,2025-10-19T13:35:47.699868
80800,116,0.05112528055906296,,,2025-10-19T13:37:54.526798
81000,116,0.011838488280773163,,,2025-10-19T13:40:01.162518
81200,116,0.01180332899093628,,,2025-10-19T13:42:07.711513
81400,116,0.02497558295726776,,,2025-10-19T13:44:14.255490
81600,117,0.00902852788567543,,,2025-10-19T13:46:21.140399
81800,117,0.024364620447158813,,,2025-10-19T13:48:27.588587
82000,117,0.016447050496935844,,,2025-10-19T13:50:34.033283
82200,118,0.015905283391475677,,,2025-10-19T13:52:42.768195
82400,118,0.008124476298689842,,,2025-10-19T13:54:49.376242
82600,118,0.22988907992839813,,,2025-10-19T13:56:56.038089
82800,118,0.0421360544860363,,,2025-10-19T13:59:02.441828
83000,119,0.3267064094543457,,,2025-10-19T14:01:09.053156
83200,119,0.03722129017114639,,,2025-10-19T14:03:15.598667
83400,119,0.008803039789199829,,,2025-10-19T14:05:22.045170
83600,120,0.020361412316560745,,,2025-10-19T14:07:28.820496
83800,120,0.011036476120352745,,,2025-10-19T14:09:35.333960
84000,120,0.023834343999624252,,,2025-10-19T14:11:41.592925
84200,120,0.027733519673347473,,,2025-10-19T14:13:56.475436
84400,121,0.07267175614833832,,,2025-10-19T14:16:03.355303
84600,121,0.012127118185162544,,,2025-10-19T14:18:09.735216
84800,121,0.0754176452755928,,,2025-10-19T14:20:15.955946
85000,122,0.015483785420656204,16.18016273655474,0.780029824891992,2025-10-19T14:22:22.622055
85200,122,0.00789743009954691,,,2025-10-19T14:24:34.378795
85400,122,0.030972173437476158,,,2025-10-19T14:26:40.823320
85600,122,0.019580857828259468,,,2025-10-19T14:28:47.347203
85800,123,0.007618279196321964,,,2025-10-19T14:30:54.164028
86000,123,0.014146770350635052,,,2025-10-19T14:33:00.712283
86200,123,0.01117247249931097,,,2025-10-19T14:35:09.769644
86400,123,0.0079249432310462,,,2025-10-19T14:37:16.294954
86600,124,0.00881524570286274,,,2025-10-19T14:39:23.246219
86800,124,0.015819936990737915,,,2025-10-19T14:41:29.879179
87000,124,0.011722831055521965,,,2025-10-19T14:43:36.471126
87200,125,0.03189609572291374,,,2025-10-19T14:45:43.280277
87400,125,0.014974567107856274,,,2025-10-19T14:47:49.784771
87600,125,0.009550970047712326,,,2025-10-19T14:49:56.166397
87800,125,0.008544676005840302,,,2025-10-19T14:52:02.584074
88000,126,0.01074780710041523,,,2025-10-19T14:54:09.525519
88200,126,0.04333734139800072,,,2025-10-19T14:56:18.975393
88400,126,0.015413155779242516,,,2025-10-19T14:58:25.627392
88600,127,0.011780226603150368,,,2025-10-19T15:00:32.448398
88800,127,0.016388550400733948,,,2025-10-19T15:02:39.017606
89000,127,0.05585580691695213,,,2025-10-19T15:04:45.645877
89200,127,0.046077221632003784,,,2025-10-19T15:06:52.324118
89400,128,0.013637585565447807,,,2025-10-19T15:08:59.306661
89600,128,0.017136795446276665,,,2025-10-19T15:11:06.007168
89800,128,0.011689482256770134,,,2025-10-19T15:13:12.571649
90000,129,0.007437958847731352,15.483663925718938,0.6723000746704438,2025-10-19T15:15:19.326301
90200,129,0.016408570110797882,,,2025-10-19T15:17:33.568883
90400,129,0.07040780782699585,,,2025-10-19T15:19:40.023605
90600,129,0.011913913302123547,,,2025-10-19T15:21:46.435792
90800,130,0.304917573928833,,,2025-10-19T15:23:53.287020
91000,130,0.008857385255396366,,,2025-10-19T15:25:59.792069
91200,130,0.039561934769153595,,,2025-10-19T15:28:06.222397
91400,131,0.01804901659488678,,,2025-10-19T15:30:12.950451
91600,131,0.024952035397291183,,,2025-10-19T15:32:19.433985
91800,131,0.027874678373336792,,,2025-10-19T15:34:25.880784
92000,131,0.020689912140369415,,,2025-10-19T15:36:32.321627
92200,132,0.01018606498837471,,,2025-10-19T15:38:42.591780
92400,132,0.009050103835761547,,,2025-10-19T15:40:49.051805
92600,132,0.013996615074574947,,,2025-10-19T15:42:55.430176
92800,132,0.017818056046962738,,,2025-10-19T15:45:01.915612
93000,133,0.008674150332808495,,,2025-10-19T15:47:08.693158
93200,133,0.030027925968170166,,,2025-10-19T15:49:15.046643
93400,133,0.035322368144989014,,,2025-10-19T15:51:21.579818
93600,134,0.8260928988456726,,,2025-10-19T15:53:28.375543
93800,134,0.010703175328671932,,,2025-10-19T15:55:34.741338
94000,134,0.027601152658462524,,,2025-10-19T15:57:41.169540
94200,134,0.027754535898566246,,,2025-10-19T15:59:49.917583
94400,135,0.0061911060474812984,,,2025-10-19T16:01:56.590188
94600,135,0.07432916760444641,,,2025-10-19T16:04:03.052012
94800,135,0.014094694517552853,,,2025-10-19T16:06:09.412050
95000,136,0.0475524477660656,13.048243655336185,0.7776636045967237,2025-10-19T16:08:16.297762
95200,136,0.02229682169854641,,,2025-10-19T16:10:28.006148
95400,136,0.053304653614759445,,,2025-10-19T16:12:34.297049
95600,136,0.06090235337615013,,,2025-10-19T16:14:40.714328
95800,137,0.012716494500637054,,,2025-10-19T16:16:47.498680
96000,137,0.07203252613544464,,,2025-10-19T16:18:53.888169
96200,137,0.26324498653411865,,,2025-10-19T16:21:03.671101
96400,138,0.04833460599184036,,,2025-10-19T16:23:10.432532
96600,138,0.021030813455581665,,,2025-10-19T16:25:16.916273
96800,138,0.02063646726310253,,,2025-10-19T16:27:23.411013
97000,138,0.030575614422559738,,,2025-10-19T16:29:29.642310
97200,139,0.011864117346704006,,,2025-10-19T16:31:36.359892
97400,139,0.03527621924877167,,,2025-10-19T16:33:42.800609
97600,139,0.009915530681610107,,,2025-10-19T16:35:49.057551
97800,139,0.010555116459727287,,,2025-10-19T16:37:55.452437
98000,140,0.029926009476184845,,,2025-10-19T16:40:02.225202
98200,140,0.059999607503414154,,,2025-10-19T16:42:17.488943
98400,140,0.11790921539068222,,,2025-10-19T16:44:23.858703
98600,141,0.012897064909338951,,,2025-10-19T16:46:30.609674
98800,141,0.009276488795876503,,,2025-10-19T16:48:37.040630
99000,141,0.012618442997336388,,,2025-10-19T16:50:43.397794
99200,141,0.009655943140387535,,,2025-10-19T16:52:50.075322
99400,142,0.010044700466096401,,,2025-10-19T16:54:57.019596
99600,142,0.024619346484541893,,,2025-10-19T16:57:03.525376
99800,142,0.034910134971141815,,,2025-10-19T16:59:10.255959
100000,143,0.006891814526170492,16.53760179336788,0.7898052555916654,2025-10-19T17:01:16.915594
100200,143,0.00695444643497467,,,2025-10-19T17:03:36.501936
100400,143,0.008363284170627594,,,2025-10-19T17:05:42.914136
100600,143,0.009734651073813438,,,2025-10-19T17:07:49.616188
100800,144,0.01199658215045929,,,2025-10-19T17:09:56.555859
101000,144,0.008916741237044334,,,2025-10-19T17:12:03.156945
101200,144,0.02137145772576332,,,2025-10-19T17:14:09.864874
101400,145,0.010924864560365677,,,2025-10-19T17:16:16.921028
101600,145,0.03589962050318718,,,2025-10-19T17:18:23.607585
101800,145,0.019206449389457703,,,2025-10-19T17:20:30.271686
102000,145,0.04661024361848831,,,2025-10-19T17:22:36.871327
102200,146,0.014514024369418621,,,2025-10-19T17:24:50.562649
102400,146,0.04722738265991211,,,2025-10-19T17:26:57.261564
102600,146,0.011069349944591522,,,2025-10-19T17:29:04.076350
102800,147,0.007999861612915993,,,2025-10-19T17:31:11.071681
103000,147,0.030834292992949486,,,2025-10-19T17:33:17.709464
103200,147,0.009519802406430244,,,2025-10-19T17:35:24.523047
103400,147,0.009587958455085754,,,2025-10-19T17:37:31.138936
103600,148,0.19223695993423462,,,2025-10-19T17:39:38.056973
103800,148,0.004849703051149845,,,2025-10-19T17:41:44.810649
104000,148,0.006588881369680166,,,2025-10-19T17:43:51.449214
104200,148,0.006838615983724594,,,2025-10-19T17:46:00.657023
104400,149,0.3264198303222656,,,2025-10-19T17:48:07.861194
104600,149,0.013156029395759106,,,2025-10-19T17:50:14.478459
104800,149,0.023753967136144638,,,2025-10-19T17:52:21.178846
105000,150,0.008506632409989834,15.03834849212555,0.7989289533324263,2025-10-19T17:54:28.165551
105200,150,0.05777401849627495,,,2025-10-19T17:56:40.015541
105400,150,0.30398130416870117,,,2025-10-19T17:58:46.561587
105600,150,0.013601246289908886,,,2025-10-19T18:00:53.134574
105800,151,0.010153044946491718,,,2025-10-19T18:03:00.077303
106000,151,0.01670108549296856,,,2025-10-19T18:05:06.633713
106200,151,0.024668939411640167,,,2025-10-19T18:07:15.357307
106400,152,0.007699430920183659,,,2025-10-19T18:09:22.217760
106600,152,0.01170386653393507,,,2025-10-19T18:11:28.821946
106800,152,0.08465246856212616,,,2025-10-19T18:13:35.393612
107000,152,0.017040524631738663,,,2025-10-19T18:15:41.942180
107200,153,0.021513119339942932,,,2025-10-19T18:17:48.746710
107400,153,0.03498072549700737,,,2025-10-19T18:19:55.371707
107600,153,0.01719328761100769,,,2025-10-19T18:22:01.944249
107800,154,0.0691533088684082,,,2025-10-19T18:24:09.129443
108000,154,0.0429709255695343,,,2025-10-19T18:26:15.827991
108200,155,0.027255911380052567,,,2025-10-19T18:52:18.615380
108400,155,0.01109994761645794,,,2025-10-19T18:54:28.756596
108600,155,0.008869312703609467,,,2025-10-19T18:56:37.625612
108800,156,0.01905013434588909,,,2025-10-19T18:58:46.679545
109000,156,0.027464915066957474,,,2025-10-19T19:00:55.513885
109200,156,0.010498397052288055,,,2025-10-19T19:03:04.436512
109400,156,0.019042065367102623,,,2025-10-19T19:05:13.386430
109600,157,0.055168867111206055,,,2025-10-19T19:07:22.423668
109800,157,0.011845262721180916,,,2025-10-19T19:09:31.217653
110000,157,0.12441148608922958,17.864587299557915,0.8272221036266473,2025-10-19T19:11:40.028360
110200,158,0.009160155430436134,,,2025-10-19T19:13:56.683115
110400,158,0.017008483409881592,,,2025-10-19T19:16:05.450767
110600,158,0.009283075109124184,,,2025-10-19T19:18:14.273179
110800,158,0.007370329461991787,,,2025-10-19T19:20:23.277271
111000,159,0.008080787025392056,,,2025-10-19T19:22:32.381485
111200,159,0.012423554435372353,,,2025-10-19T19:24:41.403564
111400,159,0.012381392531096935,,,2025-10-19T19:26:50.409692
111600,160,0.009069174528121948,,,2025-10-19T19:28:59.757309
111800,160,0.022254159674048424,,,2025-10-19T19:31:08.744260
112000,160,0.04237603396177292,,,2025-10-19T19:33:17.855429
112200,160,0.03025907650589943,,,2025-10-19T19:35:28.926210
112400,161,0.06372702121734619,,,2025-10-19T19:37:38.290270
112600,161,0.008575952611863613,,,2025-10-19T19:39:47.167528
112800,161,0.029060540720820427,,,2025-10-19T19:41:56.210247
113000,162,0.008076559752225876,,,2025-10-19T19:44:05.530563
113200,162,0.008650172501802444,,,2025-10-19T19:46:14.505919
113400,162,0.028635311871767044,,,2025-10-19T19:48:23.403145
113600,162,0.007538869045674801,,,2025-10-19T19:50:32.322043
113800,163,0.012230213731527328,,,2025-10-19T19:52:41.462638
114000,163,0.010195299051702023,,,2025-10-19T19:54:50.453982
114200,163,0.009014388546347618,,,2025-10-19T19:57:04.125575
114400,163,0.01388714462518692,,,2025-10-19T19:59:12.790153
114600,164,0.04157624393701553,,,2025-10-19T20:01:22.015404
114800,164,0.009253621101379395,,,2025-10-19T20:03:30.930396
115000,164,0.0365845151245594,14.219269880099477,0.7406188381386277,2025-10-19T20:05:39.804202
115200,165,0.008325489237904549,,,2025-10-19T20:07:54.517472
115400,165,0.018672635778784752,,,2025-10-19T20:10:03.511981
115600,165,0.10462251305580139,,,2025-10-19T20:12:12.358048
115800,165,0.5720013380050659,,,2025-10-19T20:14:21.179907
116000,166,0.18840426206588745,,,2025-10-19T20:16:30.466118
116200,166,0.006916950922459364,,,2025-10-19T20:18:42.325515
116400,166,0.022402025759220123,,,2025-10-19T20:20:51.120879
116600,167,0.1303059607744217,,,2025-10-19T20:23:00.341586
116800,167,0.010962000116705894,,,2025-10-19T20:25:09.198127
117000,167,0.0073207831010222435,,,2025-10-19T20:27:17.987057
117200,167,0.007349546067416668,,,2025-10-19T20:29:26.997332
117400,168,0.01806722953915596,,,2025-10-19T20:31:36.105474
117600,168,0.0072445920668542385,,,2025-10-19T20:33:45.130171
116200,167,0.24439531564712524,,,2025-10-19T21:53:58.988997
116400,167,0.03202834352850914,,,2025-10-19T21:56:04.098958
116600,167,0.00927695445716381,,,2025-10-19T21:58:08.670212
116800,168,0.008917685598134995,,,2025-10-19T22:00:13.397945
117000,168,0.02266024611890316,,,2025-10-19T22:02:18.139936
117200,168,0.009629818610846996,,,2025-10-19T22:04:22.768702
117400,168,0.008519851602613926,,,2025-10-19T22:06:27.387542
117600,169,0.06402377039194107,,,2025-10-19T22:08:32.375120
117800,169,0.010300930589437485,,,2025-10-19T22:10:37.029794
118000,169,0.011095037683844566,,,2025-10-19T22:12:41.707670
118200,170,0.008416587486863136,,,2025-10-19T22:14:48.802470
118400,170,0.23006543517112732,,,2025-10-19T22:16:53.348243
118600,170,0.007247253321111202,,,2025-10-19T22:18:58.099787
118800,170,0.013660989701747894,,,2025-10-19T22:21:02.776404
119000,171,0.08087165653705597,,,2025-10-19T22:23:07.644972
119200,171,0.04536725580692291,,,2025-10-19T22:25:12.492559
119400,171,0.047425247728824615,,,2025-10-19T22:27:17.257707
119600,172,0.009228801354765892,,,2025-10-19T22:29:22.450093
119800,172,0.035439249128103256,,,2025-10-19T22:31:27.144629
120000,172,0.11510589718818665,16.28418170556512,0.8122094609814998,2025-10-19T22:33:31.832917
120200,172,0.02723272144794464,,,2025-10-19T22:35:43.827046
120400,173,0.012737906537950039,,,2025-10-19T22:37:48.682491
120600,173,0.01314775925129652,,,2025-10-19T22:39:53.326304
120800,173,0.022835180163383484,,,2025-10-19T22:41:58.020196
121000,174,0.008014511317014694,,,2025-10-19T22:44:03.061903
121200,174,0.0067888046614825726,,,2025-10-19T22:46:07.922178
121400,174,0.010514423251152039,,,2025-10-19T22:48:12.752281
121600,174,0.014860516414046288,,,2025-10-19T22:50:17.294414
121800,175,0.07029824703931808,,,2025-10-19T22:52:22.327374
122000,175,0.010698328725993633,,,2025-10-19T22:54:27.311526
122200,175,0.029240980744361877,,,2025-10-19T22:56:34.586061
122400,175,0.006588581018149853,,,2025-10-19T22:58:39.268414
122600,176,0.008422793820500374,,,2025-10-19T23:00:44.446275
122800,176,0.006590054836124182,,,2025-10-19T23:02:49.446315
123000,176,0.00765560707077384,,,2025-10-19T23:04:54.207386
123200,177,0.022484522312879562,,,2025-10-19T23:06:59.187298
123400,177,0.15051916241645813,,,2025-10-19T23:09:03.932889
123600,177,0.04023062810301781,,,2025-10-19T23:11:08.754189
123800,177,0.01092111598700285,,,2025-10-19T23:13:13.426836
124000,178,0.014807986095547676,,,2025-10-19T23:15:18.513927
124200,178,0.03141063451766968,,,2025-10-19T23:17:25.418806
124400,178,0.013054611161351204,,,2025-10-19T23:19:30.046508
124600,179,0.034652501344680786,,,2025-10-19T23:21:35.163332
124800,179,0.0754135474562645,,,2025-10-19T23:23:39.965309
125000,179,0.03436030447483063,17.00104501404788,0.7842383136155219,2025-10-19T23:25:44.731782
125200,179,0.033347003161907196,,,2025-10-19T23:27:54.689874
125400,180,0.018208611756563187,,,2025-10-19T23:29:59.900864
125600,180,0.018668992444872856,,,2025-10-19T23:32:04.661867
125800,180,0.0076283738017082214,,,2025-10-19T23:34:09.495981
126000,181,0.009898107498884201,,,2025-10-19T23:36:14.319099
126200,181,0.018809620290994644,,,2025-10-19T23:38:21.427802
126400,181,0.047255661338567734,,,2025-10-19T23:40:26.100235
126600,181,0.04480475187301636,,,2025-10-19T23:42:30.743604
126800,182,0.027228957042098045,,,2025-10-19T23:44:35.740580
127000,182,0.019836783409118652,,,2025-10-19T23:46:40.417711
127200,182,0.02223161980509758,,,2025-10-19T23:48:45.120856
127400,183,0.010944819077849388,,,2025-10-19T23:50:50.376914
127600,183,0.01513685192912817,,,2025-10-19T23:52:55.258991
127800,183,0.012323010712862015,,,2025-10-19T23:55:00.169301
128000,183,0.09854551404714584,,,2025-10-19T23:57:04.860247
128200,184,0.06407275795936584,,,2025-10-19T23:59:12.946622
128400,184,0.008269728161394596,,,2025-10-20T00:01:17.671179
128600,184,0.013808941468596458,,,2025-10-20T00:03:22.476783
128800,184,0.015153157524764538,,,2025-10-20T00:05:26.959893
129000,185,0.039087213575839996,,,2025-10-20T00:07:32.200770
129200,185,0.009828811511397362,,,2025-10-20T00:09:36.841133
129400,185,0.005490475799888372,,,2025-10-20T00:11:41.446952
129600,186,0.01268412172794342,,,2025-10-20T00:13:46.602949
129800,186,0.028785353526473045,,,2025-10-20T00:15:51.381350
130000,186,0.09037803113460541,17.494752741676688,0.8151917460903847,2025-10-20T00:17:56.173462
130200,186,0.008413070812821388,,,2025-10-20T00:20:09.319042
130400,187,0.01858704350888729,,,2025-10-20T00:22:14.274370
130600,187,0.07790578901767731,,,2025-10-20T00:24:19.023623
130800,187,0.038978613913059235,,,2025-10-20T00:26:23.823479
131000,188,0.014572600834071636,,,2025-10-20T00:28:28.869790
131200,188,0.023633664473891258,,,2025-10-20T00:30:33.531446
131400,188,0.11062447726726532,,,2025-10-20T00:32:38.221049
131600,188,0.07363197207450867,,,2025-10-20T00:34:42.878588
131800,189,0.013818490318953991,,,2025-10-20T00:36:47.711872
132000,189,0.011364130303263664,,,2025-10-20T00:38:52.379749
132200,189,0.036578886210918427,,,2025-10-20T00:41:04.304550
132400,190,0.027772679924964905,,,2025-10-20T00:43:09.415293
132600,190,0.15237927436828613,,,2025-10-20T00:45:14.183789
132800,190,0.007059644907712936,,,2025-10-20T00:47:18.942063
133000,190,0.014188786968588829,,,2025-10-20T00:49:23.750434
133200,191,0.11013278365135193,,,2025-10-20T00:51:28.715423
133400,191,0.013787245377898216,,,2025-10-20T00:53:33.393788
133600,191,0.019449356943368912,,,2025-10-20T00:55:38.104564
133800,191,0.032178718596696854,,,2025-10-20T00:57:42.784189
134000,192,0.011812666431069374,,,2025-10-20T00:59:47.858109
134200,192,0.01008133590221405,,,2025-10-20T01:01:54.981859
134400,192,0.010467465035617352,,,2025-10-20T01:03:59.732841
134600,193,0.1194341704249382,,,2025-10-20T01:06:04.807701
134800,193,0.026549985632300377,,,2025-10-20T01:08:09.465595
135000,193,0.008997387252748013,15.243555083235796,0.756011700827181,2025-10-20T01:10:14.092348
135200,193,0.007929250597953796,,,2025-10-20T01:12:24.052078
135400,194,0.03393542766571045,,,2025-10-20T01:14:29.091561
135600,194,0.02246198058128357,,,2025-10-20T01:16:33.822324
135800,194,0.038944318890571594,,,2025-10-20T01:18:38.732607
136000,195,0.006353878881782293,,,2025-10-20T01:20:43.733618
136200,195,0.009241724386811256,,,2025-10-20T01:22:51.222481
136400,195,0.6278194189071655,,,2025-10-20T01:24:55.773968
136600,195,0.00612262636423111,,,2025-10-20T01:27:00.462086
136800,196,0.009814593940973282,,,2025-10-20T01:29:05.242633
137000,196,0.16805893182754517,,,2025-10-20T01:31:10.084703
137200,196,0.009364906698465347,,,2025-10-20T01:33:14.725233
137400,197,0.010143160820007324,,,2025-10-20T01:35:19.847599
137600,197,0.00967538170516491,,,2025-10-20T01:37:24.660545
137800,197,0.06787656247615814,,,2025-10-20T01:39:29.420896
138000,197,0.04316715523600578,,,2025-10-20T01:41:34.252674
138200,198,0.006151584442704916,,,2025-10-20T01:43:41.596396
138400,198,0.014673547819256783,,,2025-10-20T01:45:46.326725
138600,198,0.026518261060118675,,,2025-10-20T01:47:50.975694
138800,199,0.009615320712327957,,,2025-10-20T01:49:56.144299
139000,199,0.03263579308986664,,,2025-10-20T01:52:00.970676
139200,199,0.007462013512849808,,,2025-10-20T01:54:05.605605
139400,199,0.00762151088565588,,,2025-10-20T01:56:10.367410
139600,200,0.015952253714203835,,,2025-10-20T01:58:15.614355
139800,200,0.012855003587901592,,,2025-10-20T02:00:20.476797
140000,200,0.08586084097623825,15.958849107280178,0.7830288727120355,2025-10-20T02:02:25.152291
140200,200,0.04273626208305359,,,2025-10-20T02:04:38.452959
140400,201,0.00681705167517066,,,2025-10-20T02:06:43.614569
140600,201,0.040508467704057693,,,2025-10-20T02:08:48.501934
140800,201,0.015840323641896248,,,2025-10-20T02:10:53.072398
141000,202,0.18054042756557465,,,2025-10-20T02:12:58.043712
141200,202,0.0066987741738557816,,,2025-10-20T02:15:02.763009
141400,202,0.017362624406814575,,,2025-10-20T02:17:07.452219
141600,202,0.055563755333423615,,,2025-10-20T02:19:12.332433
141800,203,0.32222065329551697,,,2025-10-20T02:21:17.377470
142000,203,0.006299610715359449,,,2025-10-20T02:23:22.278852
142200,203,0.010947877541184425,,,2025-10-20T02:25:33.837745
142400,204,0.02142525464296341,,,2025-10-20T02:27:39.145402
142600,204,0.01165924035012722,,,2025-10-20T02:29:43.990946
142800,204,0.007318737916648388,,,2025-10-20T02:31:48.574381
143000,204,0.006707679480314255,,,2025-10-20T02:33:53.318347
143200,205,0.061866529285907745,,,2025-10-20T02:35:58.207982
143400,205,0.009826051071286201,,,2025-10-20T02:38:03.088193
143600,205,0.008890344761312008,,,2025-10-20T02:40:07.816531
143800,206,0.01727740839123726,,,2025-10-20T02:42:12.794588
144000,206,0.07333289086818695,,,2025-10-20T02:44:17.632265
144200,206,0.006625692825764418,,,2025-10-20T02:46:25.378730
144400,206,0.07863421738147736,,,2025-10-20T02:48:30.000878
144600,207,0.018536169081926346,,,2025-10-20T02:50:35.116112
144200,207,0.05897572264075279,,,2025-10-21T21:54:30.901512
144400,207,0.008636269718408585,,,2025-10-21T21:56:37.223015
144600,207,0.00591894518584013,,,2025-10-21T21:58:43.050159
144800,208,0.012682611122727394,,,2025-10-21T22:00:49.120909
145000,208,0.026538312435150146,15.53954003618801,0.7276487990177554,2025-10-21T22:02:55.056028
145200,208,0.007438651751726866,,,2025-10-21T22:05:06.461380
145400,208,0.008781256154179573,,,2025-10-21T22:07:12.471504
145600,209,0.008001349866390228,,,2025-10-21T22:09:18.685040
145800,209,0.03784676641225815,,,2025-10-21T22:11:24.531974
146000,209,0.009003506042063236,,,2025-10-21T22:13:30.439764
146200,210,0.015309354290366173,,,2025-10-21T22:15:38.793178
146400,210,0.017449935898184776,,,2025-10-21T22:17:44.624547
146600,210,0.11539635062217712,,,2025-10-21T22:19:50.563741
146800,210,0.022449446842074394,,,2025-10-21T22:21:56.433787
147000,211,0.026919953525066376,,,2025-10-21T22:24:02.563703
147200,211,0.06287471950054169,,,2025-10-21T22:26:08.374240
147400,211,0.08213098347187042,,,2025-10-21T22:28:14.280032
147600,212,0.00799574889242649,,,2025-10-21T22:30:20.369861
147800,212,0.010041479021310806,,,2025-10-21T22:32:26.140596
148000,212,0.007256545126438141,,,2025-10-21T22:34:32.043468
148200,212,0.017560947686433792,,,2025-10-21T22:36:44.623464
148400,213,0.010238598100841045,,,2025-10-21T22:38:50.618068
148600,213,0.010987179353833199,,,2025-10-21T22:40:56.556753
148800,213,0.05320161581039429,,,2025-10-21T22:43:02.393296
149000,214,0.005946963559836149,,,2025-10-21T22:45:08.589296
149200,214,0.26793181896209717,,,2025-10-21T22:47:14.534066
149400,214,0.005870180204510689,,,2025-10-21T22:49:20.442037
149600,214,0.4056078791618347,,,2025-10-21T22:51:26.412977
149800,215,0.011858608573675156,,,2025-10-21T22:53:32.686836
150000,215,0.025171861052513123,17.193069798323453,0.7760977891378608,2025-10-21T22:55:38.747229
150200,215,0.022700250148773193,,,2025-10-21T22:57:52.302187
150400,215,0.023291852325201035,,,2025-10-21T22:59:58.030490
150600,216,0.013203402981162071,,,2025-10-21T23:02:04.219988
150800,216,0.011156631633639336,,,2025-10-21T23:04:10.138841
151000,216,0.015908075496554375,,,2025-10-21T23:06:16.035180
151200,217,0.007896950468420982,,,2025-10-21T23:08:22.370793
151400,217,0.009537655860185623,,,2025-10-21T23:10:28.320802
151600,217,0.015431312844157219,,,2025-10-21T23:12:34.281408
151800,217,0.0061896806582808495,,,2025-10-21T23:14:40.198868
152000,218,0.024849392473697662,,,2025-10-21T23:16:46.589791
152200,218,0.0060891807079315186,,,2025-10-21T23:18:54.861545
152400,218,0.007710149046033621,,,2025-10-21T23:21:00.574412
152600,219,0.021447211503982544,,,2025-10-21T23:23:06.883741
152800,219,0.023632846772670746,,,2025-10-21T23:25:12.836221
153000,219,0.12290430068969727,,,2025-10-21T23:27:18.581675
153200,219,0.017501529306173325,,,2025-10-21T23:29:24.312478
153400,220,0.01758752577006817,,,2025-10-21T23:31:30.659337
153600,220,0.01499473862349987,,,2025-10-21T23:33:36.373195
153800,220,0.25207000970840454,,,2025-10-21T23:35:42.356580
154000,221,0.06872880458831787,,,2025-10-21T23:37:48.491591
154200,221,0.008315252140164375,,,2025-10-21T23:39:58.981471
154400,221,0.006880105938762426,,,2025-10-21T23:42:04.749402
154600,221,0.01414390280842781,,,2025-10-21T23:44:10.587248
154800,222,0.027407117187976837,,,2025-10-21T23:46:16.666048
155000,222,0.005688328295946121,15.360214192378962,0.7642824060135408,2025-10-21T23:48:22.361244
155200,222,0.03347475081682205,,,2025-10-21T23:50:33.537283
155400,223,0.03043665550649166,,,2025-10-21T23:52:39.603950
155600,223,0.010837353765964508,,,2025-10-21T23:54:45.480072
155800,223,0.008595053106546402,,,2025-10-21T23:56:51.495294
156000,223,0.010444621555507183,,,2025-10-21T23:58:57.410436
156200,224,0.013566572219133377,,,2025-10-22T00:01:11.911862
156400,224,0.06510469317436218,,,2025-10-22T00:03:17.685685
156600,224,0.01123632863163948,,,2025-10-22T00:05:23.451823
156800,224,0.029461145401000977,,,2025-10-22T00:07:29.241852
157000,225,0.026751995086669922,,,2025-10-22T00:09:35.533161
157200,225,0.12290632724761963,,,2025-10-22T00:11:41.357105
157400,225,0.017890673130750656,,,2025-10-22T00:13:47.143299
157600,226,0.07600044459104538,,,2025-10-22T00:15:53.287209
157800,226,0.0121909249573946,,,2025-10-22T00:17:59.192793
158000,226,0.011442049406468868,,,2025-10-22T00:20:05.111846
158200,226,0.01740921474993229,,,2025-10-22T00:22:13.487024
158400,227,0.021648412570357323,,,2025-10-22T00:24:19.611712
158600,227,0.029144970700144768,,,2025-10-22T00:26:25.559720
158800,227,0.0068145208060741425,,,2025-10-22T00:28:31.563984
159000,228,0.014188019558787346,,,2025-10-22T00:30:37.708110
159200,228,0.028209194540977478,,,2025-10-22T00:32:43.340961
159400,228,0.00971654150635004,,,2025-10-22T00:34:49.269895
159600,228,0.00848403200507164,,,2025-10-22T00:36:54.888308
159800,229,0.006700932513922453,,,2025-10-22T00:39:01.069039
160000,229,0.006200285162776709,15.949036896374198,0.7853460763072494,2025-10-22T00:41:06.928042
160200,230,0.10349216312170029,,,2025-10-22T11:44:04.755986
160400,230,0.018297825008630753,,,2025-10-22T11:46:09.332219
160600,230,0.0965806096792221,,,2025-10-22T11:48:11.067816
160800,231,0.008650582283735275,,,2025-10-22T11:50:12.974132
161000,231,0.043139971792697906,,,2025-10-22T11:52:14.837972
161200,231,0.03703979775309563,,,2025-10-22T11:54:16.754174
161400,231,0.011236429214477539,,,2025-10-22T11:56:18.516054
161600,232,0.01674007624387741,,,2025-10-22T11:58:20.708616
161800,232,0.007283883169293404,,,2025-10-22T12:00:22.610360
162000,232,0.043605268001556396,,,2025-10-22T12:02:24.312424
162200,233,0.014047516509890556,,,2025-10-22T12:04:28.520936
162400,233,0.012320327572524548,,,2025-10-22T12:06:30.335569
162600,233,0.02629448100924492,,,2025-10-22T12:08:32.087188
162800,233,0.022351553663611412,,,2025-10-22T12:10:34.034494
163000,234,0.01154604833573103,,,2025-10-22T12:12:36.276924
163200,234,0.03630872815847397,,,2025-10-22T12:14:38.112075
163400,234,0.08513542264699936,,,2025-10-22T12:16:39.885136
163600,235,0.024994265288114548,,,2025-10-22T12:18:42.037864
163800,235,0.07854381203651428,,,2025-10-22T12:20:43.967038
164000,235,0.007083849981427193,,,2025-10-22T12:22:45.860458
164200,235,0.011684602126479149,,,2025-10-22T12:24:49.742679
164400,236,0.01972421444952488,,,2025-10-22T12:26:51.818167
164600,236,0.04317551851272583,,,2025-10-22T12:28:53.677412
164800,236,0.009456389583647251,,,2025-10-22T12:30:55.436143
165000,237,0.020525217056274414,15.995947202118368,0.7752859989348136,2025-10-22T12:32:57.547609
165200,237,0.011084611527621746,,,2025-10-22T12:35:04.728148
165400,237,0.00997913908213377,,,2025-10-22T12:37:06.580430
165600,237,0.038318485021591187,,,2025-10-22T12:39:08.439229
165800,238,0.05373600870370865,,,2025-10-22T12:41:10.470587
166000,238,0.025102993473410606,,,2025-10-22T12:43:12.518930
166200,238,0.006654328666627407,,,2025-10-22T12:45:16.800274
166400,238,0.05344318598508835,,,2025-10-22T12:47:18.574572
166600,239,0.009451358579099178,,,2025-10-22T12:49:20.693598
166800,239,0.01185012236237526,,,2025-10-22T12:51:22.552802
167000,239,0.15303006768226624,,,2025-10-22T12:53:24.385180
167200,240,0.055138781666755676,,,2025-10-22T12:55:26.633119
167400,240,0.006560127250850201,,,2025-10-22T12:57:28.524430
167600,240,0.006639235652983189,,,2025-10-22T12:59:30.351155
167800,240,0.011863602325320244,,,2025-10-22T13:01:32.202926
168000,241,0.4370569586753845,,,2025-10-22T13:03:34.288036
168200,241,0.006414643954485655,,,2025-10-22T13:05:38.180818
168400,241,0.015596643090248108,,,2025-10-22T13:07:39.990597
168600,242,0.056893058121204376,,,2025-10-22T13:09:42.358951
168800,242,0.015100306831300259,,,2025-10-22T13:11:44.324953
169000,242,0.00770591339096427,,,2025-10-22T13:13:46.136049
169200,242,0.06729912012815475,,,2025-10-22T13:15:48.065764
169400,243,0.01911786012351513,,,2025-10-22T13:17:50.220887
169600,243,0.022496581077575684,,,2025-10-22T13:19:52.102085
169800,243,0.1332266628742218,,,2025-10-22T13:21:54.045575
170000,244,0.005313114263117313,14.577722850033325,0.7232155935842114,2025-10-22T13:23:56.372084
170200,244,0.03829074651002884,,,2025-10-22T13:26:05.982994
170400,244,0.012839416973292828,,,2025-10-22T13:28:07.860661
170600,244,0.031039714813232422,,,2025-10-22T13:30:09.860876
170800,245,0.046100180596113205,,,2025-10-22T13:32:12.430817
171000,245,0.008594796061515808,,,2025-10-22T13:34:14.399692
171200,245,0.011804561130702496,,,2025-10-22T13:36:16.313424
171400,246,0.00933743268251419,,,2025-10-22T13:38:18.413566
170200,245,0.02973524108529091,,,2025-10-23T15:36:15.796062
170400,245,0.0538264624774456,,,2025-10-23T15:38:22.257183
170600,245,0.07263331115245819,,,2025-10-23T15:40:29.160610
170800,246,0.004519626498222351,,,2025-10-23T15:42:36.549696
171000,246,0.008759038522839546,,,2025-10-23T15:44:43.763285
171200,246,0.0063542514108121395,,,2025-10-23T15:46:50.738046
171400,246,0.010864228010177612,,,2025-10-23T15:48:57.910583
171600,247,0.013895618729293346,,,2025-10-23T15:51:05.201068
171800,247,0.007021980360150337,,,2025-10-23T15:53:12.259550
172000,247,0.015557694248855114,,,2025-10-23T15:55:19.336162
172200,248,0.030970141291618347,,,2025-10-23T15:57:33.782049
172400,248,0.00686687370762229,,,2025-10-23T15:59:40.971870
172600,248,0.020031176507472992,,,2025-10-23T16:01:48.062911
172800,248,0.7000042796134949,,,2025-10-23T16:03:54.944357
173000,249,0.0147030558437109,,,2025-10-23T16:06:02.229467
173200,249,0.12662267684936523,,,2025-10-23T16:08:09.252693
173400,249,0.007031579967588186,,,2025-10-23T16:10:16.374240
173600,250,0.0075166798196733,,,2025-10-23T16:12:23.680086
173800,250,0.05450325459241867,,,2025-10-23T16:14:30.750936
174000,250,0.005019652657210827,,,2025-10-23T16:16:37.832351
174200,250,0.06138336658477783,,,2025-10-23T16:18:49.770761
174400,251,0.0663994699716568,,,2025-10-23T16:20:57.208400
174600,251,0.005842023994773626,,,2025-10-23T16:23:04.248125
174800,251,0.024996383115649223,,,2025-10-23T16:25:11.393372
175000,252,0.007289831526577473,17.50786653503292,0.7998851248439746,2025-10-23T16:27:18.914269
175200,252,0.007109696976840496,,,2025-10-23T16:29:31.584154
175400,252,0.009826271794736385,,,2025-10-23T16:31:38.660107
175600,252,0.004679444245994091,,,2025-10-23T16:33:45.884160
175800,253,0.007450881879776716,,,2025-10-23T16:35:53.266724
176000,253,0.009039872325956821,,,2025-10-23T16:38:00.373450
176200,253,0.02654496394097805,,,2025-10-23T16:40:09.719207
176400,253,0.010257708840072155,,,2025-10-23T16:42:16.667022
176600,254,0.027143217623233795,,,2025-10-23T16:44:23.864473
176800,254,0.008290495723485947,,,2025-10-23T16:46:30.781816
177000,254,0.01747203804552555,,,2025-10-23T16:48:37.760550
177200,255,0.17510895431041718,,,2025-10-23T16:50:45.208091
177400,255,0.006385828368365765,,,2025-10-23T16:52:52.102678
177600,255,0.008457615971565247,,,2025-10-23T16:54:59.264785
177800,255,0.01887507736682892,,,2025-10-23T16:57:06.395068
178000,256,0.03992260619997978,,,2025-10-23T16:59:13.983106
178200,256,0.01418868638575077,,,2025-10-23T17:01:23.432595
178400,256,0.006138809025287628,,,2025-10-23T17:03:30.415366
178600,257,0.006993788294494152,,,2025-10-23T17:05:37.773480
178800,257,0.01074483897536993,,,2025-10-23T17:07:44.800159
179000,257,0.09296759217977524,,,2025-10-23T17:09:51.748794
179200,257,0.016848325729370117,,,2025-10-23T17:11:58.948985
179400,258,0.04331788420677185,,,2025-10-23T17:14:06.187173
179600,258,0.008330218493938446,,,2025-10-23T17:16:13.188181
179800,258,0.03456076234579086,,,2025-10-23T17:18:20.056666
180000,259,0.012213200330734253,15.338976009775664,0.751750811171558,2025-10-23T17:20:27.280606
180200,260,0.053068608045578,,,2025-10-23T23:11:16.213831
180400,260,0.03270464763045311,,,2025-10-23T23:13:23.518721
180600,260,0.004976104479283094,,,2025-10-23T23:15:29.558263
180800,261,0.02019685134291649,,,2025-10-23T23:17:35.779488
181000,261,0.007284350227564573,,,2025-10-23T23:19:41.768296
181200,261,0.008215876296162605,,,2025-10-23T23:21:47.897675
181400,261,0.007310900837182999,,,2025-10-23T23:23:54.038262
181600,262,0.08504988998174667,,,2025-10-23T23:26:00.315394
181800,262,0.009804140776395798,,,2025-10-23T23:28:06.436433
182000,262,0.006450287532061338,,,2025-10-23T23:30:12.511861
182200,263,0.043604910373687744,,,2025-10-23T23:32:20.943983
182400,263,0.07585390657186508,,,2025-10-23T23:34:26.871683
182600,263,0.06910410523414612,,,2025-10-23T23:36:32.879206
182800,263,0.10217814147472382,,,2025-10-23T23:38:38.968243
183000,264,0.07218864560127258,,,2025-10-23T23:40:45.298411
183200,264,0.006063757464289665,,,2025-10-23T23:42:51.343223
183400,264,0.017452340573072433,,,2025-10-23T23:44:57.462450
183600,265,0.007057505659759045,,,2025-10-23T23:47:04.029570
183800,265,0.05083779618144035,,,2025-10-23T23:49:10.027761
184000,265,0.02922154776751995,,,2025-10-23T23:51:15.978422
184200,265,0.0054072304628789425,,,2025-10-23T23:53:25.544058
184400,266,0.020154394209384918,,,2025-10-23T23:55:32.016376
184600,266,0.07621847093105316,,,2025-10-23T23:57:38.026844
184800,266,0.020774083212018013,,,2025-10-23T23:59:43.995837
185000,267,0.019817491993308067,14.424436487061675,0.7621618343466611,2025-10-24T00:01:50.200758
185200,267,0.03784562274813652,,,2025-10-24T00:04:01.419802
185400,267,0.026053931564092636,,,2025-10-24T00:06:07.374321
185600,267,0.013432532548904419,,,2025-10-24T00:08:13.339961
185800,268,0.014905965887010098,,,2025-10-24T00:10:19.626473
186000,268,0.008013490587472916,,,2025-10-24T00:12:25.507809
186200,268,0.03009808622300625,,,2025-10-24T00:14:33.707495
186400,268,0.009430119767785072,,,2025-10-24T00:16:39.741696
186600,269,0.016581255942583084,,,2025-10-24T00:18:45.975138
186800,269,0.022041192278265953,,,2025-10-24T00:20:51.855880
187000,269,0.009547445923089981,,,2025-10-24T00:22:57.653135
187200,270,0.009974166750907898,,,2025-10-24T00:25:03.901127
187400,270,0.08895596861839294,,,2025-10-24T00:27:09.780321
187600,270,0.026007717475295067,,,2025-10-24T00:29:15.867491
187800,270,0.026732441037893295,,,2025-10-24T00:31:21.842914
188000,271,0.06282356381416321,,,2025-10-24T00:33:28.418494
188200,271,0.026182597503066063,,,2025-10-24T00:35:36.586053
188400,271,0.010775156319141388,,,2025-10-24T00:37:42.303355
188600,272,0.016979863867163658,,,2025-10-24T00:39:48.472572
180200,260,0.015848921611905098,,,2025-10-24T00:43:57.523181
180400,260,0.01237754337489605,,,2025-10-24T00:46:04.555821
180600,260,0.013942167162895203,,,2025-10-24T00:48:11.595096
180800,261,0.027952751144766808,,,2025-10-24T00:50:18.812167
181000,261,0.008288927376270294,,,2025-10-24T00:52:25.744501
181200,261,0.008397204801440239,,,2025-10-24T00:54:32.688877
181400,261,0.034615326672792435,,,2025-10-24T00:56:39.605771
181600,262,0.01674363762140274,,,2025-10-24T00:58:46.683917
181800,262,0.006782339420169592,,,2025-10-24T01:00:53.540102
182000,262,0.00558581342920661,,,2025-10-24T01:03:00.651004
182200,263,0.03176693618297577,,,2025-10-24T01:05:10.850007
182400,263,0.01594335027039051,,,2025-10-24T01:07:17.934395
182600,263,0.03880901634693146,,,2025-10-24T01:09:24.860969
182800,263,0.015482633374631405,,,2025-10-24T01:11:31.651671
183000,264,0.011892341077327728,,,2025-10-24T01:13:38.838073
183200,264,0.009211703203618526,,,2025-10-24T01:15:45.832879
183400,264,0.00620347261428833,,,2025-10-24T01:17:52.751964
183600,265,0.012344785034656525,,,2025-10-24T01:20:00.041356
183800,265,0.01856834627687931,,,2025-10-24T01:22:06.949301
184000,265,0.025057978928089142,,,2025-10-24T01:24:13.768466
184200,265,0.007463958114385605,,,2025-10-24T01:26:27.597007
184400,266,0.008830180391669273,,,2025-10-24T01:28:34.963709
184600,266,0.017073053866624832,,,2025-10-24T01:30:41.973768
184800,266,0.005617475137114525,,,2025-10-24T01:32:49.076419
185000,267,0.013500839471817017,15.921468669228995,0.7949708541642931,2025-10-24T01:34:56.485974
185200,267,0.03434920310974121,,,2025-10-24T01:37:08.982165
185400,267,0.009613284841179848,,,2025-10-24T01:39:15.972176
185600,267,0.012621208094060421,,,2025-10-24T01:41:23.016426
185800,268,0.17784404754638672,,,2025-10-24T01:43:30.591139
186000,268,0.004600842483341694,,,2025-10-24T01:45:37.442992
186200,268,0.016898510977625847,,,2025-10-24T01:47:46.952711
186400,268,0.005901192780584097,,,2025-10-24T01:49:53.793134
186600,269,0.006141496356576681,,,2025-10-24T01:52:01.011310
186800,269,0.2830727994441986,,,2025-10-24T01:54:07.886587
187000,269,0.6242181658744812,,,2025-10-24T01:56:14.870901
187200,270,0.008593814447522163,,,2025-10-24T01:58:21.975654
187400,270,0.013681101612746716,,,2025-10-24T02:00:28.808356
187600,270,0.008944808505475521,,,2025-10-24T02:02:35.810230
187800,270,0.05938331410288811,,,2025-10-24T02:04:42.763990
188000,271,0.005628962069749832,,,2025-10-24T02:06:49.932186
188200,271,0.011769885197281837,,,2025-10-24T02:08:59.375065
188400,271,0.016507871448993683,,,2025-10-24T02:11:06.140960
188600,272,0.009751508943736553,,,2025-10-24T02:13:13.476376
188800,272,0.0074562206864356995,,,2025-10-24T02:15:20.455194
189000,272,0.014118058606982231,,,2025-10-24T02:17:27.426698
189200,272,0.007807447575032711,,,2025-10-24T02:19:34.466737
189400,273,0.00811740942299366,,,2025-10-24T02:21:41.970736
189600,273,0.009218171238899231,,,2025-10-24T02:23:48.868400
189800,273,0.05003271624445915,,,2025-10-24T02:25:55.677930
190000,274,0.014753071591258049,16.775756460785615,0.7457061474803094,2025-10-24T02:28:02.841974
190200,274,0.00708890613168478,,,2025-10-24T02:30:17.820041
190400,274,0.00573968980461359,,,2025-10-24T02:32:24.684928
190600,274,0.00891273096203804,,,2025-10-24T02:34:31.484499
190800,275,0.00857788696885109,,,2025-10-24T02:36:38.707039
191000,275,0.011928136460483074,,,2025-10-24T02:38:45.629857
191200,275,0.007446372415870428,,,2025-10-24T02:40:52.700685
191400,276,0.008560511283576488,,,2025-10-24T02:43:00.381528
191600,276,0.01145500224083662,,,2025-10-24T02:45:07.273057
191800,276,0.02409234270453453,,,2025-10-24T02:47:14.320238
192000,276,0.12748754024505615,,,2025-10-24T02:49:21.355538
192200,277,0.012624266557395458,,,2025-10-24T02:51:36.891225
192400,277,0.11324997246265411,,,2025-10-24T02:53:43.748060
192600,277,0.006070017348974943,,,2025-10-24T02:55:50.808612
192800,277,0.17474040389060974,,,2025-10-24T02:57:57.813484
193000,278,0.2807495594024658,,,2025-10-24T03:00:05.146463
193200,278,0.12229113280773163,,,2025-10-24T03:02:12.170484
193400,278,0.011078747920691967,,,2025-10-24T03:04:19.190956
193600,279,0.129753977060318,,,2025-10-24T03:06:26.638781
193800,279,0.005017045419663191,,,2025-10-24T03:08:33.668757
194000,279,0.06359152495861053,,,2025-10-24T03:10:40.675611
194200,279,0.023367581889033318,,,2025-10-24T03:12:50.192078
194400,280,0.006528968922793865,,,2025-10-24T03:14:57.659939
194600,280,0.006670918315649033,,,2025-10-24T03:17:04.618466
194800,280,0.015985703095793724,,,2025-10-24T03:19:11.560587
195000,281,0.009134601801633835,13.601964037857528,0.7862311211854921,2025-10-24T03:21:18.924838
195200,281,0.012879503890872002,,,2025-10-24T03:23:31.246605
195400,281,0.010034586302936077,,,2025-10-24T03:25:38.208533
195600,281,0.008965464308857918,,,2025-10-24T03:27:45.258036
195800,282,0.006738883908838034,,,2025-10-24T03:29:52.595385
196000,282,0.007152078207582235,,,2025-10-24T03:31:59.464726
196200,282,0.008669373579323292,,,2025-10-24T03:34:09.255242
196400,283,0.00718432804569602,,,2025-10-24T03:36:16.981307
196600,283,0.009696826338768005,,,2025-10-24T03:38:23.982129
196800,283,0.2647958993911743,,,2025-10-24T03:40:31.045380
197000,283,0.011732712388038635,,,2025-10-24T03:42:38.058673
197200,284,0.008888745680451393,,,2025-10-24T03:44:45.356560
197400,284,0.012802531942725182,,,2025-10-24T03:46:52.299002
197600,284,0.026168083772063255,,,2025-10-24T03:48:59.101556
197800,284,0.010286767967045307,,,2025-10-24T03:51:05.935782
198000,285,0.007476462982594967,,,2025-10-24T03:53:13.305598
198200,285,0.038641899824142456,,,2025-10-24T03:55:22.428034
198400,285,0.006912782788276672,,,2025-10-24T03:57:29.447175
198600,286,0.02269674651324749,,,2025-10-24T03:59:37.173100
198800,286,0.04620959609746933,,,2025-10-24T04:01:44.334135
199000,286,0.005340732634067535,,,2025-10-24T04:03:51.416185
199200,286,0.007399610243737698,,,2025-10-24T04:05:58.434056
199400,287,0.007068005856126547,,,2025-10-24T04:08:05.935237
199600,287,0.007113789673894644,,,2025-10-24T04:10:13.076121
199800,287,0.007044804282486439,,,2025-10-24T04:12:20.251180
198200,286,0.05547940731048584,,,2025-10-24T06:28:01.320721
198400,286,0.007574277929961681,,,2025-10-24T06:30:06.746963
198600,286,0.024760743603110313,,,2025-10-24T06:32:11.603997
198800,287,0.006713898852467537,,,2025-10-24T06:34:17.019737
199000,287,0.010354973375797272,,,2025-10-24T06:36:22.419664
199200,287,0.0059464965015649796,,,2025-10-24T06:38:27.742206
199400,287,0.07945550978183746,,,2025-10-24T06:40:33.103966
199600,288,0.020521797239780426,,,2025-10-24T06:42:38.857548
199800,288,0.0058930180966854095,,,2025-10-24T06:44:44.346752
200000,288,0.031254421919584274,11.837072036672026,0.7271099721037161,2025-10-24T06:46:49.712248
200200,289,0.007452279329299927,,,2025-10-24T06:49:03.293867
200400,289,0.008313314989209175,,,2025-10-24T06:51:08.580282
200600,289,0.006850126199424267,,,2025-10-24T06:53:13.935299
200800,289,0.007597798015922308,,,2025-10-24T06:55:19.197676
201000,290,0.007186755537986755,,,2025-10-24T06:57:24.670248
201200,290,0.06533224135637283,,,2025-10-24T06:59:29.756569
201400,290,0.008724812418222427,,,2025-10-24T07:01:34.884802
201600,291,0.019695382565259933,,,2025-10-24T07:03:40.192972
201800,291,0.11441577970981598,,,2025-10-24T07:05:45.287249
202000,291,0.007231306284666061,,,2025-10-24T07:07:50.476367
202200,291,0.03742041811347008,,,2025-10-24T07:09:57.782778
202400,292,0.007050517946481705,,,2025-10-24T07:12:03.243363
202600,292,0.006835276260972023,,,2025-10-24T07:14:08.342132
202800,292,0.008686678484082222,,,2025-10-24T07:16:13.665087
203000,293,0.00860966369509697,,,2025-10-24T07:18:19.261134
203200,293,0.13960669934749603,,,2025-10-24T07:20:24.389744
203400,293,0.01660672202706337,,,2025-10-24T07:22:29.750131
203600,293,0.012758813798427582,,,2025-10-24T07:24:35.185781
203800,294,0.01637643575668335,,,2025-10-24T07:26:40.858718
204000,294,0.07849588990211487,,,2025-10-24T07:28:46.209701
204200,294,0.042802926152944565,,,2025-10-24T07:30:53.794206
204400,294,0.005839143879711628,,,2025-10-24T07:32:59.127246
204600,295,0.006940572988241911,,,2025-10-24T07:35:04.784721
204800,295,0.01284179836511612,,,2025-10-24T07:37:09.947138
205000,295,0.009196264669299126,15.769465123123572,0.8050796272314645,2025-10-24T07:39:14.879689
205200,296,0.143753319978714,,,2025-10-24T07:41:25.451726
205400,296,0.04262261837720871,,,2025-10-24T07:43:30.569925
205600,296,0.04003462940454483,,,2025-10-24T07:45:35.600471
205800,296,0.009753572754561901,,,2025-10-24T07:47:40.782707
206000,297,0.006009060423821211,,,2025-10-24T07:49:46.158010
206200,297,0.007764045149087906,,,2025-10-24T07:51:53.554999
206400,297,0.014856444671750069,,,2025-10-24T07:53:58.745151
206600,298,0.005901355296373367,,,2025-10-24T07:56:04.211933
206800,298,0.008010037243366241,,,2025-10-24T07:58:09.461701
207000,298,0.015838583931326866,,,2025-10-24T08:00:14.624476
207200,298,0.00963105633854866,,,2025-10-24T08:02:19.633657
207400,299,0.05076199024915695,,,2025-10-24T08:04:25.076721
207600,299,0.006562055554240942,,,2025-10-24T08:06:30.251858
207800,299,0.016531554982066154,,,2025-10-24T08:08:35.419829
208000,300,0.037913691252470016,,,2025-10-24T08:10:40.895888
208200,300,0.012726808898150921,,,2025-10-24T08:12:48.463354
208400,300,0.026723867282271385,,,2025-10-24T08:14:53.217429
208600,300,0.01034555770456791,,,2025-10-24T08:16:57.889747
208800,301,0.021837979555130005,,,2025-10-24T08:19:02.625137
209000,301,0.006496453657746315,,,2025-10-24T08:21:07.096080
209200,301,0.020494353026151657,,,2025-10-24T08:23:12.137511
209400,302,0.03614990413188934,,,2025-10-24T08:25:17.136271
209600,302,0.12259902060031891,,,2025-10-24T08:27:21.674947
209800,302,0.008393192663788795,,,2025-10-24T08:29:26.207659
210000,302,0.017724081873893738,18.22486478113892,0.830245851011033,2025-10-24T08:31:30.716573
210200,303,0.01571386680006981,,,2025-10-24T08:33:42.817873
210400,303,0.035429757088422775,,,2025-10-24T08:35:47.239613
210600,303,0.006281855516135693,,,2025-10-24T08:37:52.017261
210800,303,0.00944969430565834,,,2025-10-24T08:39:56.603726
211000,304,0.01278061605989933,,,2025-10-24T08:42:01.448808
211200,304,0.004276679363101721,,,2025-10-24T08:44:05.872216
211400,304,0.01318297814577818,,,2025-10-24T08:46:10.305626
211600,305,0.009279206395149231,,,2025-10-24T08:48:15.251448
211800,305,0.006982877384871244,,,2025-10-24T08:50:19.723822
212000,305,0.007557269185781479,,,2025-10-24T08:52:24.497281
212200,305,0.013401343487203121,,,2025-10-24T08:54:33.030823
212400,306,0.014402098953723907,,,2025-10-24T08:56:38.891922
212600,306,0.006385325454175472,,,2025-10-24T08:58:43.873438
212800,306,0.007535431534051895,,,2025-10-24T09:00:48.934958
213000,307,0.019134094938635826,,,2025-10-24T09:02:54.255743
213200,307,0.007528950925916433,,,2025-10-24T09:04:59.382787
213400,307,0.01615535095334053,,,2025-10-24T09:07:04.606561
213600,307,0.009080011397600174,,,2025-10-24T09:09:09.706795
213800,308,0.005638488568365574,,,2025-10-24T09:11:15.011632
214000,308,0.024052416905760765,,,2025-10-24T09:13:20.161523
214200,308,0.020720316097140312,,,2025-10-24T09:15:27.541046
214400,309,0.020769475027918816,,,2025-10-24T09:17:33.228827
214600,309,0.010524793528020382,,,2025-10-24T09:19:38.403985
214800,309,0.017177386209368706,,,2025-10-24T09:21:43.498642
215000,309,0.00931781530380249,16.577433571096478,0.8055228102114426,2025-10-24T09:23:48.716988
215200,310,0.03714970499277115,,,2025-10-24T09:25:59.557028
215400,310,0.0284712053835392,,,2025-10-24T09:28:04.700771
215600,310,0.04956132173538208,,,2025-10-24T09:30:09.745001
215800,310,0.006521980278193951,,,2025-10-24T09:32:14.831330
216000,311,0.006389339454472065,,,2025-10-24T09:34:20.351314
216200,311,0.009395037777721882,,,2025-10-24T09:36:32.341929
216400,311,0.015106502920389175,,,2025-10-24T09:38:37.460804
216600,312,0.1259506344795227,,,2025-10-24T09:40:42.941706
216800,312,0.037483979016542435,,,2025-10-24T09:42:48.019952
217000,312,0.015844294801354408,,,2025-10-24T09:44:53.132798
217200,312,0.0059339627623558044,,,2025-10-24T09:46:58.369502
217400,313,0.00920538417994976,,,2025-10-24T09:49:03.910878
217600,313,0.06451192498207092,,,2025-10-24T09:51:09.072983
217800,313,0.05830250680446625,,,2025-10-24T09:53:14.164704
218000,314,0.02187657169997692,,,2025-10-24T09:55:19.682597
218200,314,0.013181066140532494,,,2025-10-24T09:57:27.020875
218400,314,0.037859607487916946,,,2025-10-24T09:59:32.115367
218600,314,0.008448552340269089,,,2025-10-24T10:01:37.126802
218800,315,0.004572043661028147,,,2025-10-24T10:03:42.725103
219000,315,0.04523200914263725,,,2025-10-24T10:05:47.603252
219200,315,0.007866347208619118,,,2025-10-24T10:07:52.723001
219400,316,0.049745943397283554,,,2025-10-24T10:09:58.124142
219600,316,0.014860729686915874,,,2025-10-24T10:12:03.624440
219800,316,0.00749023724347353,,,2025-10-24T10:14:08.975903
220000,316,0.013436275534331799,15.334022905399399,0.7766148072825304,2025-10-24T10:16:14.420153
220200,317,0.026371797546744347,,,2025-10-24T10:18:28.199858
220400,317,0.007174839731305838,,,2025-10-24T10:20:33.362115
220600,317,0.006324015092104673,,,2025-10-24T10:22:38.454263
220800,318,0.02551889419555664,,,2025-10-24T10:24:43.814444
221000,318,0.008681517094373703,,,2025-10-24T10:26:48.980736
221200,318,0.027719393372535706,,,2025-10-24T10:28:54.096082
221400,318,0.049895577132701874,,,2025-10-24T10:30:59.091706
221600,319,0.027633696794509888,,,2025-10-24T10:33:04.520234
221800,319,0.02582268789410591,,,2025-10-24T10:35:09.464681
222000,319,0.019583461806178093,,,2025-10-24T10:37:14.527522
222200,319,0.005282320082187653,,,2025-10-24T10:39:24.588429
222400,320,0.019213175401091576,,,2025-10-24T10:41:30.083123
222600,320,0.017696676775813103,,,2025-10-24T10:43:35.034000
222800,320,0.03863333910703659,,,2025-10-24T10:45:40.010523
223000,321,0.010913057252764702,,,2025-10-24T10:47:45.445205
223200,321,0.03499902784824371,,,2025-10-24T10:49:50.476330
223400,321,0.09432867169380188,,,2025-10-24T10:51:55.544634
223600,321,0.011415819637477398,,,2025-10-24T10:54:00.592706
223800,322,0.015847474336624146,,,2025-10-24T10:56:05.902329
224000,322,0.05419661104679108,,,2025-10-24T10:58:10.918419
224200,322,0.11960076540708542,,,2025-10-24T11:00:18.552253
224400,323,0.050133269280195236,,,2025-10-24T11:02:23.941112
224600,323,0.07867288589477539,,,2025-10-24T11:04:29.014499
224800,323,0.045032333582639694,,,2025-10-24T11:06:34.023157
225000,323,0.024526234716176987,13.5147593558924,0.7567326476128439,2025-10-24T11:08:39.150342
225200,324,0.00882426556199789,,,2025-10-24T11:10:49.740960
225400,324,0.03854330629110336,,,2025-10-24T11:12:54.802595
225600,324,0.041562844067811966,,,2025-10-24T11:14:59.788991
225800,325,0.015192635357379913,,,2025-10-24T11:17:05.190175
226000,325,0.025194287300109863,,,2025-10-24T11:19:10.347105
